ana,type (expanded),type,type same as,subtype,subtype old,subtype same as,PCLI,ADM1,ADM2,ADM3,PPL,ANS,ISL,MT,VLC,CAPE,PEN,placeName,,BGS code,similar to BGS code,SGI code,similar to SGI code,Basilone 2018 code,similar to ref code,"references, fogli SGI",coordinates,radius (m),uri
#material.inorganic.stone.metamorphic_rock.marble.calcitic_marble.Algerian_scritto_Annaba,stone.metamorphic_rock.marble,stone.marble,,Algerian_scritto_Annaba,Algerian_scritto_Annaba,,algeria,Annaba,Annaba District,,,,,,,Cap de Garde,,Annaba,,MCABR,,na,na,na,,"2012 Herrmann et al, 2022 Perna et al","36.96721,  7.79214",,https://www.geonames.org/2496099/cap-de-garde.html
#material.inorganic.stone.metamorphic_rock.marble.calcitic_marble.Algerian_scritto_Mt-Filfila,stone.metamorphic_rock.marble,stone.marble,,Algerian_scritto_Mt-Filfila,Algerian_scritto_Mt-Filfila,,algeria,Skikda,,Daïra de Skikda,,,,Mt. Filfila,,,,Mt. Filfila,,MCABR,,na,na,na,,2012 Herrmann et al,"36.89806,  7.09778",,https://www.geonames.org/2496417/djebel-filfila.html
#material.inorganic.stone.metamorphic_rock.marble.calcitic_marble.Aphrodisian,stone.metamorphic_rock.marble,stone.marble,,Aphrodisian,Aphrodisian,,turkey ,Denizli,Babadağ İlçesi,,,,,,,,,"Babadağ, Denizli",,MCABR,,na,na,na,,2015 Antonelli and Lazzarini,"37.81823,  28.8682",,https://www.geonames.org/8632205/babadag-ilcesi.html
#material.inorganic.stone.sedimentary_rock.sandstone.flysch_numidico,stone.sedimentary_rock.sandstone.yellow,stone.sandstone.yellow,arenaria-gialla,arenaria_gialla_flysch_numidico,arenaria_gialla_flysch_numidico,,italy,Sicily,,,,,,,,,,Sicilia,,AREN,,,,,,,"37.75, 14.25",170000,https://www.geonames.org/2523119/sicilia.html
#material.inorganic.stone.sedimentary_rock.sandstone.flysch_di_Reitano-sandstone,stone.sedimentary_rock.sandstone.grey,stone.sandstone.grey,arenaria-grigia,arenaria_grigia,arenaria_grigia,,italy,Sicily,,,,,,,,,,Sicilia,,AREN,,,,,,,"37.75, 14.25",170000,https://www.geonames.org/2523119/sicilia.html
#material.inorganic.stone.sedimentary_rock.sandstone.flysch_di_Capo_d-Orlando,stone.sedimentary_rock.sandstone.grey,stone.sandstone.grey,arenaria-grigia,arenaria_grigia_flysch_di_Capo_d-Orlando,arenaria_grigia_flysch_di_Capo_d-Orlando,,italy,Sicily,province of Messina ,Capo d'Orlando,,,,,,,,Capo d'Orlando,tethyan domain,AREN,,CODb,,,,"587, 600","38.02466, 15.01268",20000,https://www.geonames.org/2525384/capo-d-orlando.html
#material.inorganic.stone.sedimentary_rock.sandstone.flysch_di_Reitano-sandstone,stone.sedimentary_rock.sandstone.grey,stone.sandstone.grey,arenaria-grigia,arenaria_grigia_flysch_di_Reitano,arenaria_grigia_flysch_di_Reitano,Reitano_FM,italy,Sicily,province of Messina ,Reitano,,,,,,,,Reitano,tethyan domain,AREN,,,,REI,,,"37.97206, 14.34327",8000,https://www.geonames.org/6541333/reitano.html
#material.inorganic.stone.metamorphic_rock.marble.calcitic_marble.Bardiglio,stone.metamorphic_rock.marble,stone.marble,,Bardiglio,Bardiglio,,italy,Tuscany,Province of Massa Carrara,Carrara,,,,,,,,Carrara,,MCABR,,na,na,na,,2015 Antonelli and Lazzarini,"44.06294,  10.06069",,https://www.geonames.org/6542087/carrara.html
#material.inorganic.stone.sedimentary_rock.limestone.calcite_limestone.grey,stone.sedimentary_rock.limestone.calcite_limestone.grey,stone.limestone.polishable.grey,calcare-lucidabile_grigio,bigio_antico-Chios,bigio_antico-Chios,bigio_antico,greece,North Aegean,Chios,Chios,,,,,,,,Chios,,CLST,,,,,,,"38.41102, 26.06161",,https://www.geonames.org/259972/nisi-chios.html
#material.inorganic.stone.sedimentary_rock.limestone.calcite_limestone.grey.Teian,stone.sedimentary_rock.limestone.calcite_limestone.grey,stone.limestone.polishable.grey,calcare-lucidabile_grigio,bigio_antico-Teian,bigio_antico-Teian,bigio_antico,turkey ,İzmir Province ,Seferihisar,,,Teos,,,,,,Teos,,MCABR,,na,na,na,,,"38.17725, 26.78493",,https://www.geonames.org/8224451/teos.html
#material.inorganic.stone.sedimentary_rock.limestone.calcite_limestone.white.calcare-lucidabile_bianco,stone.sedimentary_rock.limestone.calcite_limestone.white,stone.limestone.polishable.white,calcare-lucidabile_bianco,calcare_bianco_SiciliaOR,calcare_bianco_E,,italy,Sicily,,,,,,,,,,Sicilia Orientale,,,,,,,,,"37.39, 14.71",120000,
#material.inorganic.stone.sedimentary_rock.limestone.calcite_limestone.white.calcare-lucidabile_bianco,stone.sedimentary_rock.limestone.calcite_limestone.white,stone.limestone.polishable.white,calcare-lucidabile_bianco,calcare_bianco_SiciliaOR_Scillato_FM,calcare_bianco_E_Scillato_FM,Scillato_FM,italy,Sicily,province of Catania,Castel di Iudica,,,,Monte Iudica,,,,Iudica,Mt Judica,CLST,LMST,SCT,,"MUF, SCT",,633,"37.5,  14.63333",5000,https://www.geonames.org/2524490/monte-iudica.html
#material.inorganic.stone.sedimentary_rock.limestone.calcilutite.white.calcare-lucidabile_bianco_scaglia,stone.sedimentary_rock.limestone.calcilutite.white,stone.limestone.polishable.white,calcare-lucidabile_bianco,calcare_bianco_lattimusa,calcare_bianco_lattimusa,lattimusa_FM,italy,Sicily,,,,,,,,,,Sicilia,,LMMST,LMST,,,LTM,,,"37.88612, 13.10107",40000,https://www.geonames.org/2523918/palermo.html
#material.inorganic.stone.sedimentary_rock.limestone.calcilutite.white.calcare-lucidabile_bianco_lattimusa,stone.sedimentary_rock.limestone.calcilutite.white,stone.limestone.polishable.white,calcare-lucidabile_bianco,calcare_bianco_scaglia,calcare_bianco_scaglia,scaglia-Amerillo_FM,italy,Sicily,province of Palermo,Camporeale,,,,,,,,Camporeale,,LMMST,LMST,,,AMM,,,"37.89715, 13.09384",25000,https://www.geonames.org/6539124/camporeale.html
#material.inorganic.stone.sedimentary_rock.limestone.calcilutite.white.calcare-lucidabile_bianco_tipo-scaglia,stone.sedimentary_rock.limestone.calcilutite.white,stone.limestone.polishable.white,calcare-lucidabile_bianco,calcare_bianco_tipo-scaglia,calcare_bianco_tipo-scaglia,,italy,Sicily,,,,,,,,,,Sicilia,,LMMST,LMST,,"MUF, SCT, LTM, HYB, AMM",,,,"37.88612, 13.10107",40000,https://www.geonames.org/2523918/palermo.html
#material.inorganic.stone.sedimentary_rock.limestone.calcite_limestone.white.calcare-lucidabile_bianco,stone.sedimentary_rock.limestone.calcite_limestone.white,stone.limestone.polishable.white,calcare-lucidabile_bianco,calcare_bianco_SiciliaOCC,calcare_bianco_W,,italy,Sicily,,,,,,,,,,Sicilia Occidentale,,,,,,,,,"37.690000, 13.280000",95000,
#material.inorganic.stone.sedimentary_rock.limestone.calcite_limestone.white.calcare-lucidabile_bianco_sicilia-occidentale,stone.sedimentary_rock.limestone.calcite_limestone.white,stone.limestone.polishable.white,calcare-lucidabile_bianco,calcare_bianco_SiciliaOCC_lapis-drepanitanus,calcare_bianco_W_lapis-drepanitanus,lapis_drepanitanus,italy,Sicily,province of Trapani,,,,,,,,,Erice,deformation of pelagian block,LMMST,LMST,,,LTM,,,"37.83333,  12.66667",30000,https://www.geonames.org/2522875/trapani.html
#material.inorganic.stone.sedimentary_rock.limestone.calcite_limestone.white.calcare-lucidabile_bianco,stone.sedimentary_rock.limestone.calcite_limestone.white,stone.limestone.polishable.white,calcare-lucidabile_bianco,calcare_bianco_SiciliaOCC_Scillato_FM,calcare_bianco_W_Scillato_FM,Scillato_FM,italy,Sicily,province of Palermo,Palazzo Adriano,,,,,,,,Palazzo Adriano,,CLST,LMST,SCT,,"MUF, SCT",,,"37.68104, 13.37905",12000,https://www.geonames.org/6539134/palazzo-adriano.html
#material.inorganic.stone.sedimentary_rock.limestone.calcite_limestone.white.calcare-lucidabile_bianco_travertino,stone.sedimentary_rock.limestone.calcite_limestone.white,stone.limestone.polishable.white,calcare-lucidabile_bianco,calcare_bianco_SiciliaOCC_travertino,calcare_bianco_W_travertino,travertino_segesta,italy,Sicily,province of Trapani,Alcamo,,,,,,,,Alcamo,,TUFA,LMST,,,,,593,"37.99835, 12.95654",10000,https://www.geonames.org/6541958/alcamo.html
#material.inorganic.stone.sedimentary_rock.limestone.calcite_limestone.yellow.calcare-lucidabile_giallo_sicilia-occidentale,stone.sedimentary_rock.limestone.calcite_limestone.yellow,stone.limestone.polishable.yellow,calcare-lucidabile_giallo,calcare_giallo_Castronovo,calcare_giallo_Castronovo,giallo_di_Castronovo,italy,Sicily,Province of Palermo,Castronovo di Sicilia,,,,,,,,Castronovo di Sicilia,sicanian,LMMST,LMST,,,LTM,,"2011 Barone, Mazzoleni, Monaco","37.67894,  13.60346",5000,https://www.geonames.org/2525074/castronuovo-di-sicilia.html
#material.inorganic.stone.sedimentary_rock.limestone.calcilutite.yellow.calcare-lucidabile_giallo_sicilia-occidentale,stone.sedimentary_rock.limestone.calcilutite.yellow,stone.limestone.polishable.yellow,calcare-lucidabile_giallo,calcare_giallo_Segesta,calcare_giallo_Segesta,giallo_di_Segesta,italy,Sicily,province of Trapani,Alcamo,,,,,,,,Alcamo,,LMMST,LMST,,,,,593,"37.99835, 12.95654",10000,https://www.geonames.org/6541958/alcamo.html
#material.inorganic.stone.sedimentary_rock.limestone.calcite_limestone.grey.calcare-lucidabile_grigio_sicilia-orientale,stone.sedimentary_rock.limestone.calcite_limestone.grey,stone.limestone.polishable.grey,calcare-lucidabile_grigio,calcare_grigio_SiciliaOR,calcare_grigio_E,,italy,Sicily,,,,,,,,,,Sicilia Orientale,,,,,,,,,"37.39, 14.71",120000,
#material.inorganic.stone.sedimentary_rock.limestone.calcite_limestone.grey.calcare-lucidabile_grigio_sicilia-orientale,stone.sedimentary_rock.limestone.calcite_limestone.grey,stone.limestone.polishable.grey,calcare-lucidabile_grigio,calcare_grigio_SiciliaOR_taormina,calcare_grigio_E_taormina,marmo_di_taormina,italy,Sicily,Province of Messina,Taormina,,,,,,,,Taormina,calabride chain units,CLST,CLPEL,DOA,,,,613,"37.85358,  15.28851",5000,https://www.geonames.org/2522975/taormina.html
#material.inorganic.stone.sedimentary_rock.limestone.calcite_limestone.grey.calcare-lucidabile_grigio_sicilia-occidentale,stone.sedimentary_rock.limestone.calcite_limestone.grey,stone.limestone.polishable.grey,calcare-lucidabile_grigio,calcare_grigio_SiciliaOCC,calcare_grigio_W,,italy,Sicily,,,,,,,,,,Sicilia Occidentale,,,,,,,,,"37.690000, 13.280000",95000,
#material.inorganic.stone.sedimentary_rock.limestone.calcite_limestone.grey.calcare-lucidabile_grigio_sicilia-occidentale,stone.sedimentary_rock.limestone.calcite_limestone.grey,stone.limestone.polishable.grey,calcare-lucidabile_grigio,calcare_grigio_SiciliaOCC_Billiemi,calcare_grigio_W_Billiemi,grigio_Billiemi,italy,Sicily,province of Palermo,Palermo,,,,,,,,Palermo,,CLST,LMST,,,,,595,"37.81667,  13.58333",20000,https://www.geonames.org/2523918/palermo.html
#material.inorganic.stone.sedimentary_rock.limestone.calcite_limestone.grey.calcare-lucidabile_grigio_sicilia-occidentale,stone.sedimentary_rock.limestone.calcite_limestone.grey,stone.limestone.polishable.grey,calcare-lucidabile_grigio,calcare_grigio_SiciliaOCC_calcari_a_crinoidi_FM,calcare_grigio_W_calcari_a_crinoidi_FM,calcari_a_crinoidi_FM,italy,Sicily,province of Palermo,,,,,,,,,Termini Imerese,Imerese,CLST,LMST,"MCD, RND",,"MCD, RND",,609-595,"37.81667,  13.58333",20000,https://www.geonames.org/2523918/palermo.html
#material.inorganic.stone.sedimentary_rock.limestone.calcite_limestone.grey.calcare-lucidabile_grigio_sicilia-occidentale,stone.sedimentary_rock.limestone.calcite_limestone.grey,stone.limestone.polishable.grey,calcare-lucidabile_grigio,calcare_grigio_SiciliaOCC_Crisanti_FM,calcare_grigio_W_Crisanti_FM,Crisanti_FM,italy,Sicily,province of Palermo,,,,,,,,,Termini Imerese,Imerese,CLST,LMST,CRI,,CRI,,609-595,"37.81667,  13.58333",20000,https://www.geonames.org/2523918/palermo.html
#material.inorganic.stone.sedimentary_rock.limestone.calcite_limestone.grey.calcare-lucidabile_grigio_sicilia-occidentale,stone.sedimentary_rock.limestone.calcite_limestone.grey,stone.limestone.polishable.grey,calcare-lucidabile_grigio,calcare_grigio_SiciliaOCC_perlato_di_Sicilia,calcare_grigio_W_perlato_di_Sicilia,perlato_di_Sicilia,italy,Sicily,province of Trapani,Custonaci,,,,,,,,Custonaci,,CLST,LMST,LEG,,LEG,,593,"38.07305, 12.68753",10000,https://www.geonames.org/6537729/custonaci.html
#material.inorganic.stone.sedimentary_rock.limestone.calcite_limestone.pink.calcare-lucidabile_rosato,stone.sedimentary_rock.limestone.calcite_limestone.pink,stone.limestone.polishable.pink,calcare-lucidabile_rosato,calcare_rosato,,,,,,,,,,,,,,,,,,,,,,,,,
#material.inorganic.stone.sedimentary_rock.limestone.calcite_limestone.pink.calcare-lucidabile_rosato_sicilia-orientale,stone.sedimentary_rock.limestone.calcite_limestone.pink,stone.limestone.polishable.pink,calcare-lucidabile_rosato,calcare_rosato_SiciliaOR_taormina,calcare_rosato_E_taormina,marmo_di_taormina,italy,Sicily,Province of Messina,Taormina,,,,,,,,Taormina,calabride chain units,CLST,CLPEL,DOA,,,,613,"37.85358,  15.28851",5000,https://www.geonames.org/2522975/taormina.html
#material.inorganic.stone.sedimentary_rock.limestone.calcite_limestone.pink.calcare-lucidabile_rosato_sicilia-occidentale,stone.sedimentary_rock.limestone.calcite_limestone.pink,stone.limestone.polishable.pink,calcare-lucidabile_rosato,calcare_rosato_SiciliaOCC_bisacquino,calcare_rosato_W_bisacquino,calcare_bisacquino,italy,Sicily,Province of Palermo,Bisacquino,,,,,,,,Bisacquino,Sicanian,CLST,LMST,,,SCT,,,"37.70244,  13.25975",5000,https://www.geonames.org/6539119/bisacquino.html
#material.inorganic.stone.sedimentary_rock.limestone.calcite_limestone.red.calcare-lucidabile_rosso_sicilia-orientale,stone.sedimentary_rock.limestone.calcite_limestone.red,stone.limestone.polishable.red,calcare-lucidabile_rosso,calcare_rosso_SiciliaOR,calcare_rosso_E,,italy,Sicily,,,,,,,,,,Sicilia Orientale,,,,,,,,,"37.39, 14.71",120000,
#material.inorganic.stone.sedimentary_rock.limestone.calcite_limestone.red.calcare-lucidabile_rosso_sicilia-orientale,stone.sedimentary_rock.limestone.calcite_limestone.red,stone.limestone.polishable.red,calcare-lucidabile_rosso,calcare_rosso_SiciliaOR_san_Marco,calcare_rosso_E_san_Marco,,italy,Sicily,province of Messina ,,,,,,,,,San Marco d'Alunzio,calabride chain units,CLST,LMST,RMA,,,SMU,"Cirrincione et al 2012, 613","38.07186, 14.70067",10000,https://www.geonames.org/6539159/san-marco-d-alunzio.html
#material.inorganic.stone.sedimentary_rock.limestone.calcite_limestone.red.calcare-lucidabile_rosso_sicilia-orientale,stone.sedimentary_rock.limestone.calcite_limestone.red,stone.limestone.polishable.red,calcare-lucidabile_rosso,calcare_rosso_SiciliaOR_sant-Agata,calcare_rosso_E_sant-Agata,,italy,Sicily,province of Messina ,,,,,,,,,Sant'Agata di Militello,calabride chain units,CLST,LMST,RMA,,,SMU,"Cirrincione et al 2012, 613","38.06786, 14.63267",10000,https://www.geonames.org/6537770/sant-agata-di-militello.html
#material.inorganic.stone.sedimentary_rock.limestone.calcite_limestone.red.calcare-lucidabile_rosso_sicilia-orientale,stone.sedimentary_rock.limestone.calcite_limestone.red,stone.limestone.polishable.red,calcare-lucidabile_rosso,calcare_rosso_SiciliaOR_taormina,calcare_rosso_E_taormina,,italy,Sicily,province of Messina ,,,,,,,,,Taormina,calabride chain units,CLST,LMST,RMA,,,SMU,"Cirrincione et al 2012, 613","37.85358,  15.28851",5000,https://www.geonames.org/2522975/taormina.html
#material.inorganic.stone.sedimentary_rock.limestone.calcite_limestone.red.calcare-lucidabile_rosso_sicilia-occidentale,stone.sedimentary_rock.limestone.calcite_limestone.red,stone.limestone.polishable.red,calcare-lucidabile_rosso,calcare_rosso_SiciliaOCC,calcare_rosso_W,,italy,Sicily,,,,,,,,,,Sicilia Occidentale,,,,,,,,,"37.690000, 13.280000",95000,
#material.inorganic.stone.sedimentary_rock.limestone.calcite_limestone.red.calcare-lucidabile_rosso_sicilia-occidentale,stone.sedimentary_rock.limestone.calcite_limestone.red,stone.limestone.polishable.red,calcare-lucidabile_rosso,calcare_rosso_SiciliaOCC_Castellmmare,calcare_rosso_W_Castellmmare,,italy,Sicily,province of Trapani,,,,,,,,,Castellammare del golfo,,CLST,LMST,,,BCH,,593,"38.01885, 12.88584",50000,https://www.geonames.org/6539110/castellammare-del-golfo.html
#material.inorganic.stone.sedimentary_rock.limestone.calcite_limestone.red.calcare-lucidabile_rosso_sicilia-occidentale,stone.sedimentary_rock.limestone.calcite_limestone.red,stone.limestone.polishable.red,calcare-lucidabile_rosso,calcare_rosso_SiciliaOCC_Contorrana,calcare_rosso_W_Contorrana,,italy,Sicily,province of Trapani,,,,,,,,,San Vito Lo Capo,,CLST,LMST,,,BCH,,593,"38.17235, 12.73493",15000,https://www.geonames.org/6540822/san-vito-lo-capo.html
#material.inorganic.stone.sedimentary_rock.limestone.calcite_limestone.red.calcare-lucidabile_rosso_sicilia-occidentale,stone.sedimentary_rock.limestone.calcite_limestone.red,stone.limestone.polishable.red,calcare-lucidabile_rosso,calcare_rosso_SiciliaOCC_kumeta,calcare_rosso_W_kumeta,,italy,Sicily,province of  Palermo,,,,,,,,,Piana degli Albanesi,,CLST,LMST,,,BCH,,593,"37.99795, 13.27975",15000,https://www.geonames.org/6539135/piana-degli-albanesi.html
#material.inorganic.stone.sedimentary_rock.limestone.calcite_limestone.red.calcare-lucidabile_rosso_sicilia-occidentale,stone.sedimentary_rock.limestone.calcite_limestone.red,stone.limestone.polishable.red,calcare-lucidabile_rosso,calcare_rosso_SiciliaOCC_Ogliastro,calcare_rosso_W_Ogliastro,,italy,Sicily,province of  Palermo,,,,,,,,,Palermo,,CLST,LMST,,,BCH,,593,"37.81667,  13.58333",20000,https://www.geonames.org/2523918/palermo.html
#material.inorganic.stone.sedimentary_rock.limestone.calcite_limestone.red.calcare-lucidabile_rosso_sicilia-occidentale,stone.sedimentary_rock.limestone.calcite_limestone.red,stone.limestone.polishable.red,calcare-lucidabile_rosso,calcare_rosso_SiciliaOCC_san_Vito,calcare_rosso_W_san_Vito,,italy,Sicily,province of Trapani,,,,,,,,,San Vito Lo Capo,,CLST,LMST,,,BCH,,593,"38.17235, 12.73493",15000,https://www.geonames.org/6540822/san-vito-lo-capo.html
#material.inorganic.stone.sedimentary_rock.limestone.calcarenite.whitish,stone.sedimentary_rock.limestone.calcarenite.whitish,stone.limestone.non-polishable.whitish,calcarenite_biancastra,calcarenite_biancastra_SiciliaOCC,calcarenite_biancastra_W,,italy,Sicily,province of Trapani,,,,,,,,,Marsala,neogenic-quaternary cover,CARN,LMST,,,MRSc,,605,"37.80355,  12.4379",20000,https://www.geonames.org/6542148/marsala.html
#material.inorganic.stone.sedimentary_rock.limestone.calcarenite.yellowish.sicilia-orientale,stone.sedimentary_rock.limestone.calcarenite.yellowish,stone.limestone.non-polishable.yellowish,calcarenite_giallastra,calcarenite_SiciliaOR,calcarenite_E,,,,,,,,,,,,,Sicilia Orientale,,,,,,,,,"37.39, 14.71",120000,
#material.inorganic.stone.sedimentary_rock.limestone.calcarenite.yellowish.calcarenite_di_Agira,stone.sedimentary_rock.limestone.calcarenite.yellowish,stone.limestone.non-polishable.yellowish,calcarenite_giallastra,calcarenite_SiciliaOR_Agira,calcarenite_E_Agira,,italy,Sicily,Province of Enna,Agira,,,,,,,,Agira,neogenic-quaternary cover,CARN,LMST,,,AMC,,624,"37.65615,  14.52158",5000,https://www.geonames.org/6539185/agira.html
#material.inorganic.stone.sedimentary_rock.limestone.calcarenite.yellowish.calcarenite_di_Assoro,stone.sedimentary_rock.limestone.calcarenite.yellowish,stone.limestone.non-polishable.yellowish,calcarenite_giallastra,calcarenite_SiciliaOR_Assoro,calcarenite_E_Assoro,,italy,Sicily,Province of Enna,Assoro,,,,,,,,Assoro,neogenic-quaternary cover,CARN,LMST,AMC,,,,624,"37.62525,  14.42167",5000,https://www.geonames.org/6541346/assoro.html
#material.inorganic.stone.sedimentary_rock.limestone.calcarenite.yellowish.calcarenite_di_Centuripe,stone.sedimentary_rock.limestone.calcarenite.yellowish,stone.limestone.non-polishable.yellowish,calcarenite_giallastra,calcarenite_SiciliaOR_Centuripe,calcarenite_E_Centuripe,,italy,Sicily,Province of Enna,Centuripe,,,,,,,,Centuripe,neogenic-quaternary cover,CARN,LMST,AMCe,,,,624,"37.62295,  14.73908",5000,https://www.geonames.org/6537795/centuripe.html
#material.inorganic.stone.sedimentary_rock.limestone.calcarenite.yellowish.giuggiulena,stone.sedimentary_rock.limestone.calcarenite.yellowish,stone.limestone.non-polishable.yellowish,calcarenite_giallastra,calcarenite_SiciliaOR_giuggiulena,calcarenite_E_giuggiulena,Panchina_FM(E),italy,Sicily,province of Siracusa,,,,,,,,,Ognina,eastern hyblean succession,CARN,LMST,,,SNP,GIU,Barbera et al 2014,"37.08805,  15.27924",20000,https://www.geonames.org/2523082/provincia-di-siracusa.html
#material.inorganic.stone.sedimentary_rock.limestone.calcarenite.yellowish.calcarenite_di_Rometta,stone.sedimentary_rock.limestone.calcarenite.yellowish,stone.limestone.non-polishable.yellowish,calcarenite_giallastra,calcarenite_SiciliaOR_Rometta,calcarenite_E_Rometta,,italy,Sicily,province of Messina ,Rometta,,,,,,,,Rometta,,CARN,LMST,ROE,,,,"599, 587, 600, 601","38.17007, 15.41429",15000,https://www.geonames.org/6543645/rometta.html
#material.inorganic.stone.sedimentary_rock.limestone.calcarenite.yellowish.sabucina,stone.sedimentary_rock.limestone.calcarenite.yellowish,stone.limestone.non-polishable.yellowish,calcarenite_giallastra,calcarenite_SiciliaOR_sabucina,calcarenite_E_sabucina,capodarso,italy,Sicily,province of Caltanissetta,Caltanissetta,,parco archeologico di sabucina,,,,,,Caltanissetta,piacenzian,CARN,LMST,ENNb,,CPD,,631,"37.50238, 14.11949",5000,https://www.geonames.org/11951865/parco-archeologico-di-sabucina.html
#material.inorganic.stone.sedimentary_rock.limestone.calcarenite.yellowish.pietra_di_Siracusa,stone.sedimentary_rock.limestone.calcarenite.yellowish,stone.limestone.non-polishable.yellowish,calcarenite_giallastra,calcarenite_SiciliaOR_Siracusa,calcarenite_E_Siracusa,Panchina_FM(E),italy,Sicily,province of Siracusa,,,,,,,,,Syracuse,eastern hyblean succession,CARN,LMST,,,FNL,"SN, PB",Punturo et al 2006,"37.08805, 15.27924",20000,https://www.geonames.org/2523082/provincia-di-siracusa.html
#material.inorganic.stone.sedimentary_rock.limestone.calcarenite.yellowish.tufiti_di_Tusa-FM-calcarenite,stone.sedimentary_rock.limestone.calcarenite.yellowish,stone.limestone.non-polishable.yellowish,calcarenite_giallastra,calcarenite_SiciliaOR_tufiti_di_Tusa-FM,calcarenite_E_tufiti_di_Tusa-FM,,italy,Sicily,province of Messina ,Tusa,,,,,,,,Tusa,tethyan domain,CARN,LMST,,,TUT,,,"37.98385,  14.23606",10000,https://www.geonames.org/6539871/tusa.html
#material.inorganic.stone.sedimentary_rock.limestone.calcarenite.grey.calcareniti_Floresta,stone.sedimentary_rock.limestone.calcarenite.grey,stone.limestone.non-polishable.grey,calcarenite_grigia,calcarenite_grigia_SiciliaN-OR_Floresta,calcarenite_grigia_Floresta,,italy,Sicily,province of Messina ,Floresta,,,,,,,,Floresta,calabride chain units,CARN,LMST,,,,,,"37.98756, 14.91018",25000,https://www.geonames.org/6537758/floresta.html
#material.inorganic.stone.sedimentary_rock.limestone.calcarenite.grey.sicilia-nord-orientale,stone.sedimentary_rock.limestone.calcarenite.grey,stone.limestone.non-polishable.grey,calcarenite_grigia,calcarenite_grigia_SiciliaN-OR,calcarenite_grigia_NE,,italy,Sicily,province of Messina,Tusa,,,,,,,,Tusa,tethyan domain,CARN,LMST,,,TUT,,,"37.98385,  14.23606",10000,https://www.geonames.org/6539871/tusa.html
#material.inorganic.stone.sedimentary_rock.limestone.calcarenite.grey.sicilia-nord-occidentale,stone.sedimentary_rock.limestone.calcarenite.grey,stone.limestone.non-polishable.grey,calcarenite_grigia,calcarenite_grigia_SiciliaN-OCC,calcarenite_grigia_NW,,italy,Sicily,province of Palermo,Termini Imerese,,,,,,,,Termini Imerese,,CARN,LMST,,,,,609-596,"37.98365, 13.69555",20000,https://www.geonames.org/6539140/termini-imerese.html
#material.inorganic.stone.sedimentary_rock.limestone.calcarenite.grey.flysch_di_Reitano-calcarenite,stone.sedimentary_rock.limestone.calcarenite.grey,stone.limestone.non-polishable.grey,calcarenite_grigia,calcarenite_grigia_SiciliaN-OR_Reitano,calcarenite_grigia_Reitano,,italy,Sicily,province of Messina ,Reitano,,,,,,,,Reitano,flysch numidico,CARN,LMST,,,,,,"37.97206, 14.34327",20000,https://www.geonames.org/6541333/reitano.html
#material.inorganic.stone.sedimentary_rock.limestone.calcarenite.grey.sicilia-occidentale,stone.sedimentary_rock.limestone.calcarenite.grey,stone.limestone.non-polishable.grey,calcarenite_grigia,calcarenite_grigia_SiciliaOCC,calcarenite_grigia_W,,italy,Sicily,province of Trapani,,,,,,,,,Marsala,neogenic-quaternary cover,CARN,LMST,,,MRSc,,605,"37.80355,  12.4379",20000,https://www.geonames.org/6542148/marsala.html
#material.inorganic.stone.sedimentary_rock.limestone.calcarenite.whitish.iblei-orientali,stone.sedimentary_rock.limestone.calcarenite.whitish,stone.limestone.non-polishable.whitish,calcarenite_biancastra,calcarenite_ibleiOR,calcarenite_iblei_E,,italy,Sicily,province of Siracusa,,,,,,,,,Iblei Orientali,,,,,,,,,"37.08805,  15.27924",50000,
#material.inorganic.stone.sedimentary_rock.limestone.calcarenite.whitish.lumachella-Mt-Carrubba,stone.sedimentary_rock.limestone.calcarenite.whitish,stone.limestone.non-polishable.whitish,calcarenite_biancastra,calcarenite_ibleiOR_lumachella-Mt-Carrubba,calcarenite_iblei_E_lumachella-Mt-Carrubba,Mt-Carrubba_FM(E),italy,Sicily,province of Siracusa,,,,,,,,Penisola della Maddalena,Maddalena peninsula,eastern hyblean succession,CARN,LMST,,,MUC,"SN, MCM, PL, PLA, PLB, PLC",Punturo et al 2006,"37.03333, 15.33333",3000,https://www.geonames.org/2524346/penisola-della-maddalena.html
#material.inorganic.stone.sedimentary_rock.limestone.calcarenite.whitish.pietra_di_Melilli,stone.sedimentary_rock.limestone.calcarenite.whitish,stone.limestone.non-polishable.whitish,calcarenite_biancastra,calcarenite_ibleiOR_pietra_di_Melilli,calcarenite_iblei_E_lumachella-Mt-Carrubba,Mt-Climiti_FM(E),italy,Sicily,province of Siracusa,,,,,,,,,Melilli,eastern hyblean succession,CARN,LMST,,,FNL,PBM,Barbera et al 2014,"37.08805,  15.27924",20000,https://www.geonames.org/2523082/provincia-di-siracusa.html
#material.inorganic.stone.sedimentary_rock.limestone.calcarenite.whitish.pietra_di_Noto,stone.sedimentary_rock.limestone.calcarenite.whitish,stone.limestone.non-polishable.whitish,calcarenite_biancastra,calcarenite_ibleiOR_pietra_di_Noto,calcarenite_iblei_E_pietra_di_Noto,Palazzolo_FM(E) ,italy,Sicily,province of Siracusa,,,,,,,,,Palazzolo Acreide,western hyblean succession,CARN,LMST,,,PAL,"PNB, PNG, B, C","Punturo et al 2006, Barbera et al 2014","37.08805,  15.27924",20000,https://www.geonames.org/2523082/provincia-di-siracusa.html
#material.inorganic.stone.sedimentary_rock.limestone.calcarenite.whitish.iblei-occidentali,stone.sedimentary_rock.limestone.calcarenite.whitish,stone.limestone.non-polishable.whitish,calcarenite_biancastra,calcarenite_ibleiOCC,calcarenite_iblei_W,,italy,Sicily,Province of Ragusa,,,,,,,,,Iblei Occidentali,,,,,,,,,"36.91667, 14.6",50000,
#material.inorganic.stone.sedimentary_rock.limestone.calcarenite.whitish.pietra_di_Comiso,stone.sedimentary_rock.limestone.calcarenite.whitish,stone.limestone.non-polishable.whitish,calcarenite_biancastra,calcarenite_ibleiOCC_pietra_di_Comiso,calcarenite_iblei_W_pietra_di_Comiso,Ragusa_FM(W),italy,Sicily,Province of Ragusa,Comiso,,,,,,,,Comiso,western hyblean succession,CARN,LMST,,,RAG1,PC,Barbera et al 2014,"36.95134, 14.61018",10000,https://www.geonames.org/6541771/comiso.html
#material.inorganic.stone.sedimentary_rock.limestone.calcarenite.whitish.pietra_di_Modica,stone.sedimentary_rock.limestone.calcarenite.whitish,stone.limestone.non-polishable.whitish,calcarenite_biancastra,calcarenite_ibleiOCC_pietra_di_Modica,calcarenite_iblei_W_pietra_di_Modica,Ragusa_FM(W),italy,Sicily,Ragusa,,,,,,,,,Modica,western hyblean succession,CARN,LMST,,,RAG2,CTM,Barbera et al 2014,"36.91667,  14.6",20000,https://www.geonames.org/2523649/ragusa.html
#material.inorganic.stone.sedimentary_rock.limestone.calcarenite.whitish.pietra_di_Ragusa,stone.sedimentary_rock.limestone.calcarenite.whitish,stone.limestone.non-polishable.whitish,calcarenite_biancastra,calcarenite_ibleiOCC_pietra_di_Ragusa,calcarenite_iblei_W_pietra_di_Ragusa,Ragusa_FM(W),italy,Sicily,Ragusa,,,,,,,,,Ragusa,western hyblean succession,CARN,LMST,,,RAG2,CTR,Barbera et al 2014,"36.91667,  14.6",20000,https://www.geonames.org/2523649/ragusa.html
#material.inorganic.stone.sedimentary_rock.limestone.calcarenite.whitish.pietra_di_Scicli,stone.sedimentary_rock.limestone.calcarenite.whitish,stone.limestone.non-polishable.whitish,calcarenite_biancastra,calcarenite_ibleiOCC_pietra_di_Scicli,calcarenite_iblei_W_pietra_di_Scicli,Ragusa_FM(W),italy,Sicily,Ragusa,,,,,,,,,Scicli,western hyblean succession,CARN,LMST,,,RAG2,CTS,Barbera et al 2014,"36.91667,  14.6",20000,https://www.geonames.org/2523649/ragusa.html
#material.inorganic.stone.sedimentary_rock.limestone.calcarenite.yellowish.sicilia-occidentale,stone.sedimentary_rock.limestone.calcarenite.yellowish,stone.limestone.non-polishable.yellowish,calcarenite_giallastra,calcarenite_SiciliaOCC,calcarenite_W,,,,,,,,,,,,,Sicilia Occidentale,,,,,,,,,"37.690000, 13.280000",95000,
#material.inorganic.stone.sedimentary_rock.limestone.calcarenite.yellowish.calcarenite_di_Marsala ,stone.sedimentary_rock.limestone.calcarenite.yellowish,stone.limestone.non-polishable.yellowish,calcarenite_giallastra,calcarenite_SiciliaOCC_Marsala ,calcarenite_W_Marsala ,Palermo,italy,Sicily,province of Trapani,,,,,,,,,Marsala,neogenic-quaternary cover,CARN,LMST,,,MRSc,,605,"37.80355,  12.4379",20000,https://www.geonames.org/6542148/marsala.html
#material.inorganic.stone.sedimentary_rock.limestone.calcarenite.yellowish.pietra_di_selinunte,stone.sedimentary_rock.limestone.calcarenite.yellowish,stone.limestone.non-polishable.yellowish,calcarenite_giallastra,calcarenite_SiciliaOCC_selinunte,calcarenite_W_selinunte,cave_di_cusa,italy,Sicily,province of Trapani,Campobello di Mazara,,Parco Archeologico di Selinunte,,,,,,Campobello di Mazara,,CARN,LMST,,,,,,"37.58337, 12.82522",5000,https://www.geonames.org/2523164/parco-archeologico-di-selinunte.html
#material.inorganic.stone.metamorphic_rock.marble.Carystian,stone.metamorphic_rock.marble,stone.marble,,Carystian,Carystian,cipollino,greece,central greece,Euboea,Dimos Karystos,,,Nisída Styra,,,,,Styra,,MCABR,,na,na,na,,2019 Antonelli,"38.17072, 24.16092",,https://www.geonames.org/253162/nisida-styra.html
#material.inorganic.stone.sedimentary_rock.limestone.calcite_limestone.red.Chalcidicum,stone.sedimentary_rock.limestone.calcite_limestone.red,stone.limestone.polishable.red,calcare-lucidabile_rosso,Chalcidicum,Chalcidicum,fior_di_pesco,greece,central greece,Euboea,Dimos Eretria,,,,,,,,Eretria,,CLST,LMST,na,na,na,,2019 Antonelli,"38.45448, 23.87414",,https://www.geonames.org/8133902/dimos-eretria.html
#material.inorganic.stone.metamorphic_rock.marble.calcitic_marble.Delian,stone.metamorphic_rock.marble,stone.marble,,Delian,Delian,,greece,south aegean,Kykládes ,,,,Nisí Dílos,,,,,Delos,,MCABR,,na,na,na,,2021 Vettor et al ,"37.39121,  25.27122",,https://www.geonames.org/263090/nisi-dilos.html
#material.inorganic.stone.metamorphic_rock.marble.calcitic_marble.Docimian ,stone.metamorphic_rock.marble,stone.marble,,Docimian ,Docimian ,,turkey ,Afyonkarahisar Province ,İscehisar,İscehisar Bucağı ,,,,,,,,Bakakale,,MCABR,,na,na,na,,2015 Antonelli and Lazzarini,"38.86194,  30.75028",,https://www.geonames.org/12207392/iscehisar-bucagi.html
#material.inorganic.stone.metamorphic_rock.marble.calcitic_marble.Ephesian_grey,stone.metamorphic_rock.marble,stone.marble,,Ephesian_grey,Ephesian_grey,,turkey ,İzmir Province ,,,Belevi,,,,,,,Belevi,,MCABR,,na,na,na,,2011 Yavuz et al,"38.015,  27.45028",,https://www.geonames.org/7522155/ephesus.html
#material.inorganic.stone.metamorphic_rock.marble.calcitic_marble.Ephesian_scritto ,stone.metamorphic_rock.marble,stone.marble,,Ephesian_scritto ,Ephesian_scritto ,,turkey ,İzmir Province ,Tire district,,Hasançavuslar,,,,,,,Hasançavuslar,,MCABR,,na,na,na,,"2011 Yavuz et al, 2022 Perna et al","38.05826,  27.52394",10000,https://www.geonames.org/9888520/hasancavuslar.html
#material.inorganic.stone.metamorphic_rock.marble.calcitic_marble.Ephesian_white,stone.metamorphic_rock.marble,stone.marble,,Ephesian_white,Ephesian_white,,turkey ,İzmir Province ,,,,Ephesus,,,,,,Ephesus,,MCABR,,na,na,na,,2011 Yavuz et al,"37.93972,  27.34083",,https://www.geonames.org/7522155/ephesus.html
#material.inorganic.stone.magmatic_rock.basalt,stone.magmatic_rock.basalt,stone.basalt,,Etnean_basalt,Etnean_basalt,,italy,Sicily,province of Catania,,,,,,Monte Etna,,,Biancavilla,Mt Etna,BA,,various,,,,624,"37.75029,  14.99466",30000,https://www.geonames.org/2524810/monte-etna.html
#material.inorganic.stone.sedimentary_rock.limestone.calcite_limestone.yellow.calcare-lucidabile_giallo_giallo-antico,stone.sedimentary_rock.limestone.calcite_limestone.yellow,stone.limestone.polishable.yellow,calcare-lucidabile_giallo,giallo-antico-chemtou,giallo-antico-chemtou,"numidicum, giallo_antico",tunisia,Jendouba,Jendouba Nord,Chemtou,,,,,,,,Chemtou,,CLST,LMST,na,na,na,,2010 Antonelli et al,"36.52736,  8.58599",,https://www.geonames.org/11904191/chemtou.html
#material.inorganic.stone.sedimentary_rock.limestone.calcite_limestone.yellow.calcare-lucidabile_giallo_giallo-antico,stone.sedimentary_rock.limestone.calcite_limestone.yellow,stone.limestone.polishable.yellow,calcare-lucidabile_giallo,giallo-antico-kristel,giallo-antico-kristel,"kristel, giallo_antico",algeria,Oran,Gdyel,Commune de Gdyel,Kristel,,,,,,,Kristel,,CLST,LMST,na,na,na,,2010 Antonelli et al,"35.82413,  -0.48303",,https://www.geonames.org/2491379/kristel.html
#material.inorganic.stone.metamorphic_rock.marble.calcitic_marble.Göktepe,stone.metamorphic_rock.marble,stone.marble,,Göktepe,Göktepe,,turkey ,Muğla,,Göktepe Bucağı,,,,,,,,Muğla,,MCABR,,na,na,na,,2015 Antonelli and Lazzarini,"37.42844,  28.58848",,https://www.geonames.org/8693570/goektepe-bucagi.html
#material.inorganic.stone.metamorphic_rock.marble.calcitic_marble.Hymettan,stone.metamorphic_rock.marble,stone.marble,,Hymettan,Hymettan,,greece,attica,Nomarchía Anatolikís Attikís,Kropia,,,,Ymittós Óros,,,,Mt. Hymettos,,MCABR,,na,na,na,,2015 Antonelli and Lazzarini,"37.93508,  23.80974",,https://www.geonames.org/261786/ymittos-oros.html
#material.inorganic.stone.metamorphic_rock.marble.calcitic_marble.Lesbian,stone.metamorphic_rock.marble,stone.marble,,Lesbian,Lesbian,,greece,North Aegean,Lesbos,,,,,,,,,Lesbos,,MCABR,,na,na,na,,,"39.16667, 26.33333",,https://www.geonames.org/258465/lesbos.html
#material.inorganic.stone.sedimentary_rock.limestone.calcite_limestone.polychrome.Luculleum,stone.sedimentary_rock.limestone.calcite_limestone.polychrome,stone.limestone.polishable.polychrome,calcare-lucidabile_policromo,Luculleum,Luculleum,Africanum,turkey ,teos,Seferihisar,İzmir,Siğacık,,,,,,,Teos,,CLST,LMST,na,na,na,,1989 Fant,"38.19373,  26.78578",,https://www.geonames.org/300865/sigacik.html
#material.inorganic.stone.metamorphic_rock.marble.calcitic_marble.Lunense,stone.metamorphic_rock.marble,stone.marble,,Lunense,Lunense,,italy,Tuscany,Province of Massa Carrara,Carrara,,,,,,,,Carrara,,MCABR,,na,na,na,,2015 Antonelli and Lazzarini,"44.06294,  10.06069",,https://www.geonames.org/6542087/carrara.html
#material.inorganic.mortars,mortars,mortars,,mortar,mortar,,,,,,,,,,,,,,,,,,,,,,,,
#material.inorganic.stone.metamorphic_rock.marble.calcitic_marble.Naxian,stone.metamorphic_rock.marble,stone.marble,,Naxian,Naxian,,greece,south aegean,Kykládes ,Dimos Naxos and Lesser Cyclades,,,Nisí Náxos,,,,,"Tyros, Greece",,MCABR,,na,na,na,,2015 Antonelli and Lazzarini,"37.07257,  25.48616",,https://www.geonames.org/256631/nisi-naxos.html
#material.inorganic.stone.metamorphic_rock.marble.calcitic_marble.Parian-1,stone.metamorphic_rock.marble,stone.marble,,Parian-1,Parian-1,lychnites,greece,south aegean,Kykládes ,Dimos Paros ,,,Nisí Paros ,,,,,Palaiosouda,,MCABR,,na,na,na,,2015 Antonelli and Lazzarini,"37.05722,  25.1875",,https://www.geonames.org/255720/nisi-paros.html
#material.inorganic.stone.metamorphic_rock.marble.calcitic_marble.Parian-2,stone.metamorphic_rock.marble,stone.marble,,Parian-2,Parian-2,,greece,south aegean,Kykládes ,Dimos Paros ,,,Nisí Paros ,,,,,Chorodaki ,,MCABR,,na,na,na,,2015 Antonelli and Lazzarini,"37.05722,  25.1875",,https://www.geonames.org/255720/nisi-paros.html
#material.inorganic.stone.metamorphic_rock.marble.calcitic_marble.Parian-3,stone.metamorphic_rock.marble,stone.marble,,Parian-3,Parian-3,,greece,south aegean,Kykládes ,Dimos Paros ,,,Nisí Paros ,,,,,Agios Minas,,MCABR,,na,na,na,,2015 Antonelli and Lazzarini,"37.05722,  25.1875",,https://www.geonames.org/255720/nisi-paros.html
#material.inorganic.stone.metamorphic_rock.marble.calcitic_marble.Parian-4,stone.metamorphic_rock.marble,stone.marble,,Parian-4,Parian-4,,greece,south aegean,Kykládes ,Dimos Paros ,,,Nisí Paros ,,,,,Karavas,,MCABR,,na,na,na,,2015 Antonelli and Lazzarini,"37.05722,  25.1875",,https://www.geonames.org/255720/nisi-paros.html
#material.inorganic.stone.metamorphic_rock.marble.calcitic_marble.Pavonazzetto,stone.metamorphic_rock.marble,stone.marble,,Pavonazzetto,Pavonazzetto,,turkey ,Afyonkarahisar Province ,İscehisar,İscehisar Bucağı ,,,,,,,,Bakakale,,MCABR,,na,na,na,,,"38.86194,  30.75028",,https://www.geonames.org/12207392/iscehisar-bucagi.html
#material.inorganic.stone.metamorphic_rock.marble.calcitic_marble.Pentelic,stone.metamorphic_rock.marble,stone.marble,,Pentelic,Pentelic,,greece,attica,Nomarchìa Athìnas,Kifisia,,,,Mount Pentelicus,,,,Mt. Penteli,,MCABR,,na,na,na,,2015 Antonelli and Lazzarini,"38.08092,  23.88291",,https://www.geonames.org/255609/mount-pentelicus.html
#material.inorganic.mortars,mortars,mortars,,plaster,plaster,,,,,,,,,,,,,,,,,,,,,,,,
#material.inorganic.stone.metamorphic_rock.marble.calcitic_marble.Proconnesian,stone.metamorphic_rock.marble,stone.marble,,Proconnesian,Proconnesian,Marmara,turkey ,Balıkesir ,Marmara İlçesi,,,,Marmara Adası,,,,,Marmara District,,MCABR,,na,na,na,,2015 Antonelli and Lazzarini,"40.61972,  27.61694",,https://www.geonames.org/741729/marmara-adasi.html
#material.inorganic.stone.metamorphic_rock.marble.calcitic_marble.Rhodian,stone.metamorphic_rock.marble,stone.marble,,Rhodian,Rhodian,,greece,south aegean,Dodecanese,Rhodes,,,,,,,,Rhodes,,MCABR,,na,na,na,,,"36.1848, 27.95249",,https://www.geonames.org/8133781/dimos-rhodes.html
#material.inorganic.stone.metamorphic_rock.marble.calcitic_marble.scritto,stone.metamorphic_rock.marble,stone.marble,,scritto,scritto,,,,,,,,,,,,,,,MCABR,,,,,,,,,
#material.inorganic.stone.metamorphic_rock.marble.calcitic_marble.Tenarion,stone.metamorphic_rock.marble,stone.marble,,Tenarion,Tenarion,Mani,greece,Peloponnese,Laconia ,East Mani,,,,,,Ákra Taínaron,,Cape Tainaron,,MCABR,,na,na,na,,1987 Lazzarini and Mariottini ,"36.38537,  22.48305",,https://www.geonames.org/253065/akra-tainaron.html
#material.inorganic.stone.metamorphic_rock.marble.calcitic_marble.Thasian-1,stone.metamorphic_rock.marble,stone.marble,,Thasian-1,Thasian-1,,greece,East Macedonia and Thrace,Kavala,Dimos Thasos,,,Nisí Thasos,,,n/a,,Phanari,,MCABR,,na,na,na,,2015 Antonelli and Lazzarini,"40.69417,  24.66118",,https://www.geonames.org/734093/thassos-island.html
#material.inorganic.stone.metamorphic_rock.marble.calcitic_marble.Thasian-2,stone.metamorphic_rock.marble,stone.marble,,Thasian-2,Thasian-2,,greece,East Macedonia and Thrace,Kavala,Dimos Thasos,,,Nisí Thasos,,,,,"Alyki, Boeotia",,MCABR,,na,na,na,,2015 Antonelli and Lazzarini,"40.69417,  24.66118",,https://www.geonames.org/734093/thassos-island.html
#material.inorganic.stone.metamorphic_rock.marble.dolomitic_marble.Thasian-3,stone.metamorphic_rock.marble,stone.marble,,Thasian-3,Thasian-3,,greece,East Macedonia and Thrace,Kavala,Dimos Thasos,,,Nisí Thasos,,,Ákra Pírgos,,Vathy-Saliara,,MCABR,,na,na,na,,2015 Antonelli and Lazzarini,"40.69417,  24.66118",,https://www.geonames.org/734093/thassos-island.html
#material.inorganic.stone.metamorphic_rock.marble.calcitic_marble.Thracian,stone.metamorphic_rock.marble,stone.marble,,Thracian,Thracian,,greece,East Macedonia and Thrace,Kavala,Kavala,,Philippi,,,,,,Philippi,,MCABR,,na,na,na,,1987 Lazzarini and Mariottini ,"41.01161,  24.28427",,https://www.geonames.org/734652/filippoi-philippi.html
#material.inorganic.stone.sedimentary_rock.limestone.calcite_limestone.grey,stone.sedimentary_rock.limestone.calcite_limestone.grey,stone.limestone.polishable.grey,calcare-lucidabile_grigio,tipo-bigio_antico,tipo-bigio_antico,bigio_antico,,,,,,,,,,,,,,CLST,,,,,,,,,
#material.inorganic.stone.sedimentary_rock.limestone.calcite_limestone.yellow.calcare-lucidabile_giallo_giallo-antico,stone.sedimentary_rock.limestone.calcite_limestone.yellow,stone.limestone.polishable.yellow,calcare-lucidabile_giallo,tipo-giallo-antico,tipo-giallo-antico,giallo_antico,,,,,,,,,,,,,,CLST,LMST,,,,,,,,
#material.inorganic.mortars,mortars,mortars,,unspecified,unspecified,,,,,,,,,,,,,,,,,,,,,,,,
#material.inorganic.stone.magmatic_rock.basalt,stone.magmatic_rock.basalt,stone.basalt,,unspecified,unspecified,,,,,,,,,,,,,,,BA,,na,na,na,,,,,
#material.inorganic.stone.metamorphic_rock,stone.metamorphic_rock,stone.metamorphic_rock,,unspecified,unspecified,,,,,,,,,,,,,,,SLTE,,na,na,,,,,,
#material.inorganic.stone.metamorphic_rock.marble,stone.metamorphic_rock.marble,stone.marble,,unspecified,unspecified,,,,,,,,,,,,,,,MCABR,,na,na,na,,,,,
#material.inorganic.stone.metamorphic_rock.schist,stone.metamorphic_rock.schist,stone.schist,,unspecified,unspecified,,,,,,,,,,,,,,,SCH,,na,na,,,,,,
#material.inorganic.stone.metamorphic_rock.slate,stone.metamorphic_rock.slate,stone.slate,,unspecified,unspecified,,,,,,,,,,,,,,,SLTE,,na,na,,,,,,
#material.inorganic.stone.mosaic,stone.mosaic,stone.mosaic,,unspecified,unspecified,,,,,,,,,,,,,,,,,na,na,na,,,,,
#material.inorganic.stone.sedimentary_rock,stone.sedimentary_rock,stone.sedimentary_rock,arenite,unspecified,unspecified,,,,,,,,,,,,,,,LMST,,na,na,,,,"37.75, 14.25",170000,https://www.geonames.org/2523119/sicilia.html
#material.inorganic.stone.sedimentary_rock.limestone,stone.sedimentary_rock.limestone,stone.limestone,calcare,unspecified,unspecified,,,,,,,,,,,,,,,LMST,,na,na,,,,"37.75, 14.25",170000,https://www.geonames.org/2523119/sicilia.html
#material.inorganic.stone.sedimentary_rock.limestone,stone.sedimentary_rock.limestone.polishable,stone.limestone.polishable,calcare-lucidabile,unspecified,unspecified,,italy,Sicily,,,,,,,,,,,,LMMST,LMST,na,na,,,,"37.75, 14.25",170000,https://www.geonames.org/2523119/sicilia.html
#material.inorganic.stone.sedimentary_rock.limestone.calcarenite,stone.sedimentary_rock.limestone.calcarenite,stone.limestone.non-polishable,calcarenite,unspecified,unspecified,,,,,,,,,,,,,,,LMST,,,,,,,"37.75, 14.25",170000,https://www.geonames.org/2523119/sicilia.html
#material.inorganic.stone.sedimentary_rock.limestone.calcarenite.grey,stone.sedimentary_rock.limestone.calcarenite.grey,stone.limestone.non-polishable.grey,calcarenite_grigia,unspecified,unspecified,,,,,,,,,,,,,Sicilia,,,,,,,,,"37.75, 14.25",170000,https://www.geonames.org/2523119/sicilia.html
#material.inorganic.stone.sedimentary_rock.limestone.calcarenite.whitish,stone.sedimentary_rock.limestone.calcarenite.whitish,stone.limestone.non-polishable.whitish,calcarenite_biancastra,unspecified,unspecified,,,,,,,,,,,,,,,CARN,LMST,,,,,,"37.75, 14.25",170000,https://www.geonames.org/2523119/sicilia.html
#material.inorganic.stone.sedimentary_rock.limestone.calcarenite.yellowish,stone.sedimentary_rock.limestone.calcarenite.yellowish,stone.limestone.non-polishable.yellowish,calcarenite_giallastra,unspecified,unspecified,,,,,,,,,,,,,,,CARN,LMST,,,,,,"37.75, 14.25",170000,https://www.geonames.org/2523119/sicilia.html
#material.inorganic.stone.sedimentary_rock.limestone.calcilutite.white,stone.sedimentary_rock.limestone.calcilutite.white,stone.limestone.polishable.white,calcare-lucidabile_bianco,unspecified,unspecified,,italy,Sicily,,,,,,,,,,,,LMMST,LMST,na,na,,,,"37.75, 14.25",170000,https://www.geonames.org/2523119/sicilia.html
#material.inorganic.stone.sedimentary_rock.limestone.calcite_limestone.grey,stone.sedimentary_rock.limestone.calcite_limestone.grey,stone.limestone.polishable.grey,calcare-lucidabile_grigio,unspecified,unspecified,,,,,,,,,,,,,,,CLST,,,,,,,"37.75, 14.25",170000,https://www.geonames.org/2523119/sicilia.html
#material.inorganic.stone.sedimentary_rock.limestone.calcite_limestone.pink,stone.sedimentary_rock.limestone.calcite_limestone.pink,stone.limestone.polishable.pink,calcare-lucidabile_rosato,unspecified,unspecified,,,,,,,,,,,,,,,CLST,,,,,,,"37.75, 14.25",170000,https://www.geonames.org/2523119/sicilia.html
#material.inorganic.stone.sedimentary_rock.limestone.calcite_limestone.polishable,stone.sedimentary_rock.limestone.calcite_limestone,stone.limestone.polishable,calcare-lucidabile,unspecified,unspecified,,,,,,,,,,,,,Sicilia,,CLST,LMST,na,na,na,,,"37.75, 14.25",170000,https://www.geonames.org/2523119/sicilia.html
#material.inorganic.stone.sedimentary_rock.limestone.calcite_limestone.red,stone.sedimentary_rock.limestone.calcite_limestone.red,stone.limestone.polishable.red,calcare-lucidabile_rosso,unspecified,unspecified,,,,,,,,,,,,,,,CLST,LMST,,,,,,"37.75, 14.25",170000,https://www.geonames.org/2523119/sicilia.html
#material.inorganic.stone.sedimentary_rock.limestone.calcite_limestone.white,stone.sedimentary_rock.limestone.calcite_limestone.white,stone.limestone.polishable.white,calcare-lucidabile_bianco,unspecified,unspecified,,italy,Sicily,,,,,,,,,,,,CLST,LMST,na,na,na,,,"37.75, 14.25",170000,https://www.geonames.org/2523119/sicilia.html
#material.inorganic.stone.sedimentary_rock.limestone.calcite_limestone.yellow,stone.sedimentary_rock.limestone.calcite_limestone.yellow,stone.limestone.polishable.yellow,calcare-lucidabile_giallo,unspecified,unspecified,,,,,,,,,,,,,,,CLST,LMST,na,na,na,,,,,
#material.inorganic.stone.sedimentary_rock.sandstone ,stone.sedimentary_rock.sandstone ,stone.sandstone,arenaria,unspecified,unspecified,,italy,Sicily,,,,,,,,,,,,AREN,,na,na,,,,"37.75, 14.25",170000,https://www.geonames.org/2523119/sicilia.html
#material.inorganic.ceramic,ceramic,ceramic,,unverified,unverified,,,,,,,,,,,,,,,,,,,,,,,,
#material.inorganic.metal,metal,metal,,unverified,unverified,,,,,,,,,,,,,,,,,,,,,,,,
#material.inorganic.metal.bronze,metal.bronze,metal.bronze,,unverified,unverified,,,,,,,,,,,,,,,,,,,,,,,,
#material.inorganic.metal.lead,metal.lead,metal.lead,,unverified,unverified,,,,,,,,,,,,,,,,,,,,,,,,
#material.inorganic.stone.metamorphic_rock.marble,stone.metamorphic_rock.marble,stone.marble,,unverified,unverified,,,,,,,,,,,,,,,MCABR,,na,na,na,,,,,
#material.inorganic.stone.sedimentary_rock.limestone,stone.sedimentary_rock.limestone,stone.limestone,calcare,unverified,unverified,,,,,,,,,,,,,,,LMST,,na,na,,,,"37.75, 14.25",170000,https://www.geonames.org/2523119/sicilia.html
#material.inorganic.stone.unspecified,stone.unspecified,stone.unspecified,,unverified,unverified,,,,,,,,,,,,,,,PA_RSD,,,,,,,,,
#material.organic.animal.ivory,animal,animal.ivory,,unverified,unverified,,,,,,,,,,,,,,,,,,,,,,,,